<?xml version="1.0" encoding="UTF-8"?>
<project-private xmlns="http://www.netbeans.org/ns/project-private/1">
    <editor-bookmarks xmlns="http://www.netbeans.org/ns/editor-bookmarks/2" lastBookmarkId="0"/>
    <open-files xmlns="http://www.netbeans.org/ns/projectui-open-files/2">
        <group>
            <file>file:/C:/Users/jose0/Documents/NetBeansProjects/FrontendGo/web/dashboard.html</file>
            <file>file:/C:/Users/jose0/Documents/NetBeansProjects/FrontendGo/web/index.html</file>
            <file>file:/C:/Users/jose0/Documents/NetBeansProjects/FrontendGo/web/mis-viajes.html</file>
            <file>file:/C:/Users/jose0/Documents/NetBeansProjects/FrontendGo/web/viajes.html</file>
            <file>file:/C:/Users/jose0/Documents/NetBeansProjects/FrontendGo/web/js/app.js</file>
        </group>
    </open-files>
</project-private>
