<?xml version="1.0" encoding="UTF-8"?>
<project-private xmlns="http://www.netbeans.org/ns/project-private/1">
    <editor-bookmarks xmlns="http://www.netbeans.org/ns/editor-bookmarks/2" lastBookmarkId="0"/>
    <open-files xmlns="http://www.netbeans.org/ns/projectui-open-files/2">
        <group>
            <file>file:/C:/Users/jose0/Documents/NetBeansProjects/UsuarioServiceGo/src/java/controlador/LoginServlet.java</file>
            <file>file:/C:/Users/jose0/Documents/NetBeansProjects/UsuarioServiceGo/src/java/controlador/RegisterServlet.java</file>
            <file>file:/C:/Users/jose0/Documents/NetBeansProjects/UsuarioServiceGo/src/java/dao/DAOFactory.java</file>
            <file>file:/C:/Users/jose0/Documents/NetBeansProjects/UsuarioServiceGo/src/java/dao/UsuarioDAOImpl.java</file>
            <file>file:/C:/Users/jose0/Documents/NetBeansProjects/UsuarioServiceGo/src/java/modelo/Usuario.java</file>
            <file>file:/C:/Users/jose0/Documents/NetBeansProjects/UsuarioServiceGo/src/java/util/Conexion.java</file>
        </group>
    </open-files>
</project-private>
