<?xml version="1.0" encoding="UTF-8"?>
<project-private xmlns="http://www.netbeans.org/ns/project-private/1">
    <editor-bookmarks xmlns="http://www.netbeans.org/ns/editor-bookmarks/2" lastBookmarkId="0"/>
    <open-files xmlns="http://www.netbeans.org/ns/projectui-open-files/2">
        <group>
            <file>file:/C:/Users/jose0/Documents/NetBeansProjects/PagoServiceGo/src/java/controlador/ProcesarPagoServlet.java</file>
            <file>file:/C:/Users/jose0/Documents/NetBeansProjects/PagoServiceGo/src/java/dao/DAOFactory.java</file>
            <file>file:/C:/Users/jose0/Documents/NetBeansProjects/PagoServiceGo/src/java/dao/IPagoDAO.java</file>
            <file>file:/C:/Users/jose0/Documents/NetBeansProjects/PagoServiceGo/src/java/dao/PagoDAOMongoImpl.java</file>
            <file>file:/C:/Users/jose0/Documents/NetBeansProjects/PagoServiceGo/src/java/modelo/Pago.java</file>
            <file>file:/C:/Users/jose0/Documents/NetBeansProjects/PagoServiceGo/src/java/util/MongoConexion.java</file>
        </group>
    </open-files>
</project-private>
