<?xml version="1.0" encoding="UTF-8"?>
<project-private xmlns="http://www.netbeans.org/ns/project-private/1">
    <editor-bookmarks xmlns="http://www.netbeans.org/ns/editor-bookmarks/2" lastBookmarkId="0"/>
    <open-files xmlns="http://www.netbeans.org/ns/projectui-open-files/2">
        <group>
            <file>file:/C:/Users/jose0/Documents/NetBeansProjects/ViajeServiceGo/src/java/controlador/BuscarViajeServlet.java</file>
            <file>file:/C:/Users/jose0/Documents/NetBeansProjects/ViajeServiceGo/src/java/controlador/ObtenerReservasServlet.java</file>
            <file>file:/C:/Users/jose0/Documents/NetBeansProjects/ViajeServiceGo/src/java/controlador/PublicarViajeServlet.java</file>
            <file>file:/C:/Users/jose0/Documents/NetBeansProjects/ViajeServiceGo/src/java/controlador/ReservarViajeServlet.java</file>
            <file>file:/C:/Users/jose0/Documents/NetBeansProjects/ViajeServiceGo/src/java/dao/DAOFactory.java</file>
            <file>file:/C:/Users/jose0/Documents/NetBeansProjects/ViajeServiceGo/src/java/dao/IViajeDAO.java</file>
            <file>file:/C:/Users/jose0/Documents/NetBeansProjects/ViajeServiceGo/src/java/dao/ViajeDAOImpl.java</file>
            <file>file:/C:/Users/jose0/Documents/NetBeansProjects/ViajeServiceGo/src/java/modelo/Viaje.java</file>
            <file>file:/C:/Users/jose0/Documents/NetBeansProjects/ViajeServiceGo/src/java/util/Conexion.java</file>
        </group>
    </open-files>
</project-private>
